"motif","intercept","slope","equation_forward","equation_deconv"
"UUUAA",-10.4851454385246,0.549567163574709,"y = 0.5496x + -10.4851","x = (y - (-10.4851)) / 0.5496"
"UUUAG",16.565616376122,0.546944338069209,"y = 0.5469x + 16.5656","x = (y - (16.5656)) / 0.5469"
"UAUAA",1.24416289532084,0.132929859142458,"y = 0.1329x + 1.2442","x = (y - (1.2442)) / 0.1329"
"UAUAG",-1.46805726540291,0.452340440469151,"y = 0.4523x + -1.4681","x = (y - (-1.4681)) / 0.4523"
"UGUAA",-3.8269634753978,0.644882665503033,"y = 0.6449x + -3.827","x = (y - (-3.827)) / 0.6449"
"UGUAG",-2.19775112041116,0.864279313682735,"y = 0.8643x + -2.1978","x = (y - (-2.1978)) / 0.8643"
"UCUAA",-3.00502061961286,0.41827611475235,"y = 0.4183x + -3.005","x = (y - (-3.005)) / 0.4183"
"UCUAG",-2.99612677863468,0.797319330980952,"y = 0.7973x + -2.9961","x = (y - (-2.9961)) / 0.7973"
